glx@glx-make-current,Crash
glx@glx-multi-window-single-context,Fail
glx@glx-query-drawable-glx_fbconfig_id-window,Fail
glx@glx-visuals-depth -pixmap,Crash
glx@glx-visuals-stencil -pixmap,Crash
glx@glx_arb_create_context_es2_profile@invalid opengl es version,Fail
glx@glx_arb_create_context_no_error@no error,Fail
glx@glx_arb_create_context_robustness@invalid reset notification strategy,Fail
glx@glx_ext_import_context@free context,Fail
glx@glx_ext_import_context@get context id,Fail
glx@glx_ext_import_context@get current display,Fail
glx@glx_ext_import_context@import context- multi process,Fail
glx@glx_ext_import_context@import context- single process,Fail
glx@glx_ext_import_context@imported context has same context id,Fail
glx@glx_ext_import_context@make current- multi process,Fail
glx@glx_ext_import_context@make current- single process,Fail
glx@glx_ext_import_context@query context info,Fail
glx@glx_ext_no_config_context@no fbconfig,Fail
spec@!opengl 1.0@gl-1.0-swapbuffers-behavior,Fail
spec@!opengl 1.0@gl-1.0-user-clip-all-planes,Fail
spec@!opengl 1.0@rasterpos,Fail
spec@!opengl 1.0@rasterpos@glsl_vs_gs_linked,Fail
spec@!opengl 1.0@rasterpos@glsl_vs_tes_linked,Fail
spec@!opengl 1.1@read-front,Fail
spec@!opengl 1.1@read-front clear-front-first,Fail
spec@!opengl 1.1@read-front clear-front-first samples=2,Fail
spec@!opengl 1.1@read-front clear-front-first samples=4,Fail
spec@!opengl 1.1@read-front clear-front-first samples=6,Fail
spec@!opengl 1.1@read-front clear-front-first samples=8,Fail
spec@!opengl 1.1@read-front samples=2,Fail
spec@!opengl 1.1@read-front samples=4,Fail
spec@!opengl 1.1@read-front samples=6,Fail
spec@!opengl 1.1@read-front samples=8,Fail
spec@!opengl 1.1@windowoverlap,Fail
spec@!opengl 3.2@gl-3.2-adj-prims cull-back pv-first,Fail
spec@!opengl 3.2@gl-3.2-adj-prims cull-front pv-first,Fail
spec@!opengl 3.2@gl-3.2-adj-prims line cull-back pv-first,Fail
spec@!opengl 3.2@gl-3.2-adj-prims line cull-front pv-first,Fail
spec@!opengl 3.2@gl-3.2-adj-prims pv-first,Fail
spec@arb_bindless_texture@compiler@images@arith-bound-image.frag,Crash
spec@arb_bindless_texture@compiler@samplers@arith-bound-sampler-texture2d.frag,Crash
spec@arb_direct_state_access@gettextureimage-formats,Crash
spec@arb_enhanced_layouts@compiler@block-member-locations@arrayed-block-member-location.frag,Fail
spec@arb_enhanced_layouts@compiler@block-member-locations@arrayed-block-member-location.vert,Fail
spec@arb_gpu_shader_fp64@execution@conversion@frag-conversion-explicit-dmat2-mat2,Fail
spec@arb_gpu_shader_fp64@execution@conversion@frag-conversion-explicit-dmat2x3-mat2x3,Fail
spec@arb_gpu_shader_fp64@execution@conversion@frag-conversion-explicit-dmat2x4-mat2x4,Fail
spec@arb_gpu_shader_fp64@execution@conversion@frag-conversion-explicit-dmat3-mat3,Fail
spec@arb_gpu_shader_fp64@execution@conversion@frag-conversion-explicit-dmat3x2-mat3x2,Fail
spec@arb_gpu_shader_fp64@execution@conversion@frag-conversion-explicit-dmat3x4-mat3x4,Fail
spec@arb_gpu_shader_fp64@execution@conversion@frag-conversion-explicit-dmat4-mat4,Fail
spec@arb_gpu_shader_fp64@execution@conversion@frag-conversion-explicit-dmat4x2-mat4x2,Fail
spec@arb_gpu_shader_fp64@execution@conversion@frag-conversion-explicit-dmat4x3-mat4x3,Fail
spec@arb_gpu_shader_fp64@execution@conversion@frag-conversion-explicit-double-float,Fail
spec@arb_gpu_shader_fp64@execution@conversion@frag-conversion-explicit-dvec2-vec2,Fail
spec@arb_gpu_shader_fp64@execution@conversion@frag-conversion-explicit-dvec3-vec3,Fail
spec@arb_gpu_shader_fp64@execution@conversion@frag-conversion-explicit-dvec4-vec4,Fail
spec@arb_gpu_shader_fp64@execution@conversion@geom-conversion-explicit-dmat2-mat2,Fail
spec@arb_gpu_shader_fp64@execution@conversion@geom-conversion-explicit-dmat2x3-mat2x3,Fail
spec@arb_gpu_shader_fp64@execution@conversion@geom-conversion-explicit-dmat2x4-mat2x4,Fail
spec@arb_gpu_shader_fp64@execution@conversion@geom-conversion-explicit-dmat3-mat3,Fail
spec@arb_gpu_shader_fp64@execution@conversion@geom-conversion-explicit-dmat3x2-mat3x2,Fail
spec@arb_gpu_shader_fp64@execution@conversion@geom-conversion-explicit-dmat3x4-mat3x4,Fail
spec@arb_gpu_shader_fp64@execution@conversion@geom-conversion-explicit-dmat4-mat4,Fail
spec@arb_gpu_shader_fp64@execution@conversion@geom-conversion-explicit-dmat4x2-mat4x2,Fail
spec@arb_gpu_shader_fp64@execution@conversion@geom-conversion-explicit-dmat4x3-mat4x3,Fail
spec@arb_gpu_shader_fp64@execution@conversion@geom-conversion-explicit-double-float,Fail
spec@arb_gpu_shader_fp64@execution@conversion@geom-conversion-explicit-dvec2-vec2,Fail
spec@arb_gpu_shader_fp64@execution@conversion@geom-conversion-explicit-dvec3-vec3,Fail
spec@arb_gpu_shader_fp64@execution@conversion@geom-conversion-explicit-dvec4-vec4,Fail
spec@arb_gpu_shader_fp64@execution@conversion@vert-conversion-explicit-dmat2-mat2,Fail
spec@arb_gpu_shader_fp64@execution@conversion@vert-conversion-explicit-dmat2x3-mat2x3,Fail
spec@arb_gpu_shader_fp64@execution@conversion@vert-conversion-explicit-dmat2x4-mat2x4,Fail
spec@arb_gpu_shader_fp64@execution@conversion@vert-conversion-explicit-dmat3-mat3,Fail
spec@arb_gpu_shader_fp64@execution@conversion@vert-conversion-explicit-dmat3x2-mat3x2,Fail
spec@arb_gpu_shader_fp64@execution@conversion@vert-conversion-explicit-dmat3x4-mat3x4,Fail
spec@arb_gpu_shader_fp64@execution@conversion@vert-conversion-explicit-dmat4-mat4,Fail
spec@arb_gpu_shader_fp64@execution@conversion@vert-conversion-explicit-dmat4x2-mat4x2,Fail
spec@arb_gpu_shader_fp64@execution@conversion@vert-conversion-explicit-dmat4x3-mat4x3,Fail
spec@arb_gpu_shader_fp64@execution@conversion@vert-conversion-explicit-double-float,Fail
spec@arb_gpu_shader_fp64@execution@conversion@vert-conversion-explicit-dvec2-vec2,Fail
spec@arb_gpu_shader_fp64@execution@conversion@vert-conversion-explicit-dvec3-vec3,Fail
spec@arb_gpu_shader_fp64@execution@conversion@vert-conversion-explicit-dvec4-vec4,Fail
spec@arb_pipeline_statistics_query@arb_pipeline_statistics_query-frag,Fail
spec@arb_pipeline_statistics_query@arb_pipeline_statistics_query-geom,Fail
spec@arb_program_interface_query@arb_program_interface_query-getprogramresourceindex,Fail
spec@arb_program_interface_query@arb_program_interface_query-getprogramresourceindex@'vs_input2[1][0]' on GL_PROGRAM_INPUT,Fail
spec@arb_query_buffer_object@coherency,Fail
spec@arb_query_buffer_object@coherency@index-buffer-GL_GEOMETRY_SHADER_INVOCATIONS,Fail
spec@arb_query_buffer_object@coherency@indirect-dispatch-GL_GEOMETRY_SHADER_INVOCATIONS,Fail
spec@arb_query_buffer_object@coherency@indirect-draw-GL_GEOMETRY_SHADER_INVOCATIONS,Fail
spec@arb_query_buffer_object@coherency@indirect-draw-count-GL_GEOMETRY_SHADER_INVOCATIONS,Fail
spec@arb_query_buffer_object@qbo,Fail
spec@arb_query_buffer_object@qbo@query-GL_GEOMETRY_SHADER_INVOCATIONS-ASYNC-GL_INT,Fail
spec@arb_query_buffer_object@qbo@query-GL_GEOMETRY_SHADER_INVOCATIONS-ASYNC-GL_UNSIGNED_INT,Fail
spec@arb_query_buffer_object@qbo@query-GL_GEOMETRY_SHADER_INVOCATIONS-ASYNC-GL_UNSIGNED_INT64_ARB,Fail
spec@arb_query_buffer_object@qbo@query-GL_GEOMETRY_SHADER_INVOCATIONS-ASYNC_CPU_READ_AFTER-GL_INT,Fail
spec@arb_query_buffer_object@qbo@query-GL_GEOMETRY_SHADER_INVOCATIONS-ASYNC_CPU_READ_AFTER-GL_UNSIGNED_INT,Fail
spec@arb_query_buffer_object@qbo@query-GL_GEOMETRY_SHADER_INVOCATIONS-ASYNC_CPU_READ_AFTER-GL_UNSIGNED_INT64_ARB,Fail
spec@arb_query_buffer_object@qbo@query-GL_GEOMETRY_SHADER_INVOCATIONS-ASYNC_CPU_READ_BEFORE-GL_INT,Fail
spec@arb_query_buffer_object@qbo@query-GL_GEOMETRY_SHADER_INVOCATIONS-ASYNC_CPU_READ_BEFORE-GL_UNSIGNED_INT,Fail
spec@arb_query_buffer_object@qbo@query-GL_GEOMETRY_SHADER_INVOCATIONS-ASYNC_CPU_READ_BEFORE-GL_UNSIGNED_INT64_ARB,Fail
spec@arb_query_buffer_object@qbo@query-GL_GEOMETRY_SHADER_INVOCATIONS-SYNC-GL_INT,Fail
spec@arb_query_buffer_object@qbo@query-GL_GEOMETRY_SHADER_INVOCATIONS-SYNC-GL_UNSIGNED_INT,Fail
spec@arb_query_buffer_object@qbo@query-GL_GEOMETRY_SHADER_INVOCATIONS-SYNC-GL_UNSIGNED_INT64_ARB,Fail
spec@arb_query_buffer_object@qbo@query-GL_GEOMETRY_SHADER_INVOCATIONS-SYNC_CPU_READ_AFTER_CACHE_TEST-GL_INT,Fail
spec@arb_query_buffer_object@qbo@query-GL_GEOMETRY_SHADER_INVOCATIONS-SYNC_CPU_READ_AFTER_CACHE_TEST-GL_UNSIGNED_INT,Fail
spec@arb_query_buffer_object@qbo@query-GL_GEOMETRY_SHADER_INVOCATIONS-SYNC_CPU_READ_AFTER_CACHE_TEST-GL_UNSIGNED_INT64_ARB,Fail
spec@arb_shader_clock@execution@clock,Fail
spec@arb_shader_clock@execution@clock2x32,Fail
spec@arb_shader_texture_lod@execution@arb_shader_texture_lod-texgradcube,Fail
spec@arb_shading_language_packing@execution@built-in-functions@fs-packhalf2x16,Fail
spec@arb_shading_language_packing@execution@built-in-functions@vs-packhalf2x16,Fail
spec@egl 1.4@egl-copy-buffers,Crash
spec@egl_chromium_sync_control@conformance,Fail
spec@egl_chromium_sync_control@conformance@eglGetSyncValuesCHROMIUM_msc_and_sbc_test,Fail
spec@egl_ext_protected_content@conformance,Fail
spec@ext_framebuffer_blit@fbo-blit-check-limits,Fail
spec@ext_image_dma_buf_import@ext_image_dma_buf_import-sample_uyvy,Fail
spec@ext_image_dma_buf_import@ext_image_dma_buf_import-sample_yuyv,Fail
spec@ext_texture_integer@fbo-integer,Fail
spec@glsl-1.20@compiler@invalid-vec4-array-to-vec3-array-conversion.vert,Fail
spec@glsl-1.20@execution@fs-nan-builtin-max,Fail
spec@glsl-1.20@execution@fs-nan-builtin-min,Fail
spec@glsl-1.20@execution@vs-nan-builtin-max,Fail
spec@glsl-1.20@execution@vs-nan-builtin-min,Fail
spec@glsl-4.00@execution@conversion@frag-conversion-explicit-dmat2-mat2,Fail
spec@glsl-4.00@execution@conversion@frag-conversion-explicit-dmat2x3-mat2x3,Fail
spec@glsl-4.00@execution@conversion@frag-conversion-explicit-dmat2x4-mat2x4,Fail
spec@glsl-4.00@execution@conversion@frag-conversion-explicit-dmat3-mat3,Fail
spec@glsl-4.00@execution@conversion@frag-conversion-explicit-dmat3x2-mat3x2,Fail
spec@glsl-4.00@execution@conversion@frag-conversion-explicit-dmat3x4-mat3x4,Fail
spec@glsl-4.00@execution@conversion@frag-conversion-explicit-dmat4-mat4,Fail
spec@glsl-4.00@execution@conversion@frag-conversion-explicit-dmat4x2-mat4x2,Fail
spec@glsl-4.00@execution@conversion@frag-conversion-explicit-dmat4x3-mat4x3,Fail
spec@glsl-4.00@execution@conversion@frag-conversion-explicit-double-float,Fail
spec@glsl-4.00@execution@conversion@frag-conversion-explicit-dvec2-vec2,Fail
spec@glsl-4.00@execution@conversion@frag-conversion-explicit-dvec3-vec3,Fail
spec@glsl-4.00@execution@conversion@frag-conversion-explicit-dvec4-vec4,Fail
spec@glsl-4.00@execution@conversion@geom-conversion-explicit-dmat2-mat2,Fail
spec@glsl-4.00@execution@conversion@geom-conversion-explicit-dmat2x3-mat2x3,Fail
spec@glsl-4.00@execution@conversion@geom-conversion-explicit-dmat2x4-mat2x4,Fail
spec@glsl-4.00@execution@conversion@geom-conversion-explicit-dmat3-mat3,Fail
spec@glsl-4.00@execution@conversion@geom-conversion-explicit-dmat3x2-mat3x2,Fail
spec@glsl-4.00@execution@conversion@geom-conversion-explicit-dmat3x4-mat3x4,Fail
spec@glsl-4.00@execution@conversion@geom-conversion-explicit-dmat4-mat4,Fail
spec@glsl-4.00@execution@conversion@geom-conversion-explicit-dmat4x2-mat4x2,Fail
spec@glsl-4.00@execution@conversion@geom-conversion-explicit-dmat4x3-mat4x3,Fail
spec@glsl-4.00@execution@conversion@geom-conversion-explicit-double-float,Fail
spec@glsl-4.00@execution@conversion@geom-conversion-explicit-dvec2-vec2,Fail
spec@glsl-4.00@execution@conversion@geom-conversion-explicit-dvec3-vec3,Fail
spec@glsl-4.00@execution@conversion@geom-conversion-explicit-dvec4-vec4,Fail
spec@glsl-4.00@execution@conversion@vert-conversion-explicit-dmat2-mat2,Fail
spec@glsl-4.00@execution@conversion@vert-conversion-explicit-dmat2x3-mat2x3,Fail
spec@glsl-4.00@execution@conversion@vert-conversion-explicit-dmat2x4-mat2x4,Fail
spec@glsl-4.00@execution@conversion@vert-conversion-explicit-dmat3-mat3,Fail
spec@glsl-4.00@execution@conversion@vert-conversion-explicit-dmat3x2-mat3x2,Fail
spec@glsl-4.00@execution@conversion@vert-conversion-explicit-dmat3x4-mat3x4,Fail
spec@glsl-4.00@execution@conversion@vert-conversion-explicit-dmat4-mat4,Fail
spec@glsl-4.00@execution@conversion@vert-conversion-explicit-dmat4x2-mat4x2,Fail
spec@glsl-4.00@execution@conversion@vert-conversion-explicit-dmat4x3-mat4x3,Fail
spec@glsl-4.00@execution@conversion@vert-conversion-explicit-double-float,Fail
spec@glsl-4.00@execution@conversion@vert-conversion-explicit-dvec2-vec2,Fail
spec@glsl-4.00@execution@conversion@vert-conversion-explicit-dvec3-vec3,Fail
spec@glsl-4.00@execution@conversion@vert-conversion-explicit-dvec4-vec4,Fail
spec@glsl-es-3.00@execution@built-in-functions@fs-packhalf2x16,Fail
spec@glsl-es-3.00@execution@built-in-functions@vs-packhalf2x16,Fail
spec@khr_texture_compression_astc@miptree-gl srgb-fp,Fail
spec@khr_texture_compression_astc@miptree-gl srgb-fp@sRGB decode full precision,Fail
spec@khr_texture_compression_astc@miptree-gles srgb-fp,Fail
spec@khr_texture_compression_astc@miptree-gles srgb-fp@sRGB decode full precision,Fail
spec@khr_texture_compression_astc@sliced-3d-miptree-gl srgb-fp,Fail
spec@khr_texture_compression_astc@sliced-3d-miptree-gl srgb-fp@sRGB decode full precision,Fail
spec@khr_texture_compression_astc@sliced-3d-miptree-gles srgb-fp,Fail
spec@khr_texture_compression_astc@sliced-3d-miptree-gles srgb-fp@sRGB decode full precision,Fail
spec@oes_egl_image_external_essl3@oes_egl_image_external_essl3,Fail
spec@oes_egl_image_external_essl3@oes_egl_image_external_essl3@oes_egl_image_external_essl3_imageLoad,Fail
spec@oes_egl_image_external_essl3@oes_egl_image_external_essl3@oes_egl_image_external_essl3_imageStore,Fail
spec@oes_shader_io_blocks@compiler@layout-location-aliasing.vert,Fail
wgl@wgl-multi-context-single-window,Fail
wgl@wgl-multi-window-single-context,Fail
wgl@wgl-sanity,Fail
